participant_id,full_name,birth_year,gender,district,signup_date,email,phone
1001,Lee Sung-ho,2005,Female,Jung-gu,2024-05-16,sungho1001@example.com,010-1934-9803
1002,Yoon Do-yun,2016,m,Haeundae,2025-07-19,doyun1002@example.com,010-1286-7766
1003,Choi Ha-eun,1980,Male,Jung-gu,2024-02-19,,010-3157-4670
1004,Kang Sung-ho,1945,f,Mapo,2024-11-18,sungho1004@example.com,
1005,Jang Ye-jin,1988,Male,Yeonsu,2024-08-15,yejin1005@example.com,010-4210-4440
1006,Park Seo-yeon,1979,,Seo-gu,2024-02-07,seoyeon1006@example.com,010-9415-9223
1007,Kang Ji-woo,1979,,Nam-gu,2024-08-02,jiwoo1007@example.com,010-1866-8670
1008,Han Hyun-woo,1982,Male,Suseong,2025-09-16,hyunwoo1008@example.com,
1009,Kim So-young,1975,f,Suseong,2024-09-18,soyoung1009@example.com,010-9155-6996
1010,Yoon Ji-woo,2012,F,Yeonsu,2024-06-10,jiwoo1010@example.com,010-3906-6987
1011,Seo Do-yun,2012,f,Haeundae,2024-02-11,,010-8233-7361
1012,Shin Ji-ho,1951,Female,Geumjeong,2024-09-28,,010-5089-1001
1013,Shin Ha-eun,2015,Female,Yeonsu,2025-01-02,,010-2099-9435
1014,Lim Min-jun,1991,Female,Jung-gu,2024-10-08,minjun1014@example.com,010-3571-3838
1015,Park Su-bin,1899,Male,Mapo,2024-11-10,subin1015@example.com,010-1057-8621
1016,Oh So-young,1946,Male,Nam-gu,2025-06-09,,010-9737-4711
1017,Jung Jae-min,1958,m,Nam-gu,2024-12-07,,010-8055-9184
1018,Yoon Sung-ho,2008,m,Geumjeong,2024-09-02,sungho1018@example.com,010-1577-5603
1019,Kim Sung-ho,1985,,Suseong,2025-07-06,sungho1019@example.com,010-6753-7376
1020,Yoon Jae-min,2006,f,Dongnae,2024-02-12,jaemin1020@example.com,010-3332-2595
1021,Lim Su-bin,1957,M,Dongnae,2025-07-14,subin1021@example.com,
1022,Lee Ji-ho,1951,m,Nam-gu,2025-05-03,,010-6388-4172
1023,Lim Ha-eun,1992,M,Geumjeong,2024-03-04,haeun1023@example.com,010-5425-5085
1024,Lee Ji-ho,1958,m,Nam-gu,2025-05-01,jiho1024@example.com,010-7459-4474
1025,Han Ji-woo,1977,Male,Haeundae,2024-07-16,jiwoo1025@example.com,010-7978-4367
1026,Park Hyun-woo,2011,Female,Nam-gu,2024-01-23,hyunwoo1026@example.com,010-3209-4306
1027,Cho Eun-woo,2006,Female,Geumjeong,2024-01-19,eunwoo1027@example.com,010-6195-2114
1028,Lim Ha-eun,1993,,Geumjeong,2025-10-21,haeun1028@example.com,010-3564-4936
1029,Hwang Tae-hyun,1994,m,Dongnae,2024-07-02,taehyun1029@example.com,010-8226-4491
1030,Kwon Na-rae,2011,,Nam-gu,2024-10-04,narae1030@example.com,
1031,Lim Min-jun,1983,,Dongnae,2024-05-01,minjun1031@example.com,010-8847-2515
1032,Choi Tae-hyun,2006,,Geumjeong,2024-06-11,taehyun1032@example.com,010-4267-9279
1099,  Han Hyun-woo ,1982,Male,Suseong,2025-09-16,hyunwoo1008@example.com,
